fold,auc
1,0.8147794803076206
2,0.8129175304191076
3,0.8171317874621301
4,0.8171463839887476
5,0.828753785452216
