train_auc,val_auc
0.9082463570816317,0.8505394870636086
