fold,auc
1,0.9724543608206974
2,0.9594422522517316
3,0.9606590491987699
4,0.9675689056166763
5,0.960702037663504
