fold,auc
1,0.9725328302060976
2,0.9575360074874775
3,0.9617787360383733
4,0.9678711638679792
5,0.9614896022856823
