fold,auc
1,0.8653231327196458
2,0.8775141955835961
3,0.8798684747145187
4,0.8707015911621638
5,0.8887350037854522
