fold,auc
1,0.8306776926179912
2,0.818530701754386
3,0.8331550108614596
4,0.8507462686567164
5,0.8741414141414142
