train_auc,val_auc
0.959139854978073,0.8215667956759641
