fold,auc
1,0.968149646107179
2,0.9702039707604564
3,0.9717610337574748
4,0.9683491728498299
5,0.965466987565721
