fold,auc
1,0.9686720593191775
2,0.9711689687099679
3,0.9729550175566681
4,0.969145573120606
5,0.9655620936313623
