fold,auc
1,0.8601524265905383
2,0.8739396124380352
3,0.8813577837333955
4,0.8664562943210457
5,0.8837720575388737
