fold,auc
1,0.8817567567567568
2,0.8379420230263159
3,0.8553480530428299
4,0.8758908161893237
5,0.8745286195286195
