fold,auc
1,0.8564819535073409
2,0.8641081568273998
3,0.8708871038219529
4,0.8600663716814159
5,0.876594257760177
