fold,auc
1,0.9576242026068439
2,0.9673967371971235
3,0.9553624184307998
4,0.9591524503485327
5,0.9623415467412381
