fold,auc
1,0.957925693084005
2,0.9673948073819291
3,0.9551265282430508
4,0.9593947173838877
5,0.9608932081096411
