fold,auc
1,0.9646125141600586
2,0.9620447839579852
3,0.962455130712118
4,0.9657754195892951
5,0.9579295798377494
