fold,auc
1,0.9649329360584109
2,0.9618824540463119
3,0.9625547981336802
4,0.9654956997353887
5,0.9580052628196132
