fold,auc
1,0.8771009815785935
2,0.8501918859649124
3,0.8640534318970269
4,0.8769329030523061
5,0.8773400673400673
