fold,auc
1,0.8833871184617453
2,0.8491981907894736
3,0.8632752974743053
4,0.8746806508000537
5,0.8781144781144781
