fold,auc
1,0.8757899690735512
2,0.8440583881578948
3,0.8612651168822748
4,0.8747142665053114
5,0.8748148148148148
